id,type,name,passwd
1,深信服,admin,Sangfor@123
2,深信服,admin,sangfortest@123
3,深信服,admin,sangfor@1998
4,绿盟,admin,nsfocus@123
5,绿盟,admin,n5f0cus@123
6,绿盟,admin,nsfocus123
7,后台默认口令,hradmin,qwe12345
8,Integrated Management Module II,USERID,PASSW0RD
9,爱数,administrator,Eisoo.com123
10,爱数,sadmin,Eisoo.com123
11,爱数,admin,Eisoo.com123
12,深信服,root,@sangfor123sangfornetwork
13,深信服,root,sangfor@123sangfornetwork
14,深信服,root,adminsangfornetwork
15,深信服,admin,sangfor@123
16,深信服,admin,@sangfor123
17,锐捷,ruijie@123,admin@123
18,锐捷,ruijie,admin
19,中兴光猫,CUAdmin\cuadmin,CUAdmin\cuadmin
20,Citrix Gateway,nsroot,nsroot
21,启明 天镜漏洞扫描系统,venus,venustech60
22,启明天玥网络安全审计系统,admin,password$123
23,华为服务器iMana,root,Huawei12#$
24,网神漏扫,audit,audit
25,网神漏扫,account,account
26,网神漏扫,admin,!1fw@2soc#3vpn
27,webray态势感知,superman,SaasSuperman!
28,天融信防火墙,superman,Talent@123456
29,天融信防火墙,superman,Talent@123
30,H3C,h3c,h3c
31,H3C,admin,h3capadmin
32,H3C,admin,admin
33,H3C,admin,adminer
34,联想网御入侵检测系统IDS,admin,admin123
35,联想网御入侵检测系统IDS,root,111111
36,网御入侵检测系统V3.2.72.0,admin,leadsec32
37,网御入侵检测系统V3.2.72.0,adm,leadsec32
38,天融信-vpn,test,123456
39,迪普-防火墙,admin,admin_default
40,华为-vpn,admin,mduadmin
41,cisco-防火墙,admin,cisco
42,启明星辰-防火墙,admin,admin@123
43,启明星辰-防火墙,admin,bane@7766
44,华为-交换机lanswtich,admin,admin@huawei.com
45,梭子鱼邮件存储网关,admin,admin
46,Websense邮件安全网关,administrator,admin
47,亿邮邮件网关,admin,cyouadmin
48,亿邮邮件网关,admin,#NAME?
49,亿邮邮件网关,eyougw,admin@(eyou)
50,亿邮邮件网关,eyouuser,eyou_admin
51,安恒-明御网站卫士,sysmanager,sysmanager888
52,安恒-明御运维审计与册风险控制系统,operator,1q2w3e4r
53,安恒-明御运维审计与册风险控制系统,auditor,1q2w3e4r
54,安恒-明御运维审计与册风险控制系统,system,1q2w3e4r
55,安恒-明御运维审计与册风险控制系统,admin,1q2w3e
56,安恒-明御安全网关,admin,adminadmin
57,安恒-明御攻防实验室平台,root,123456
58,安恒-明御WEB应用防火墙,admin,adminadmin
59,安恒-明御WEB应用防火墙,admin,admin
60,天玥网络安全审计系统,Admin,cyberaudit
61,网络安全审计系统（中科新业）,admin,123456
62,网康-日志中心,ns25000,ns25000
63,Hillstone-安全审计平台,hillstone,hillstone
64,天融信-数据库审计系统,superman,telent
65,网神-SecFox运维安全管理与审计系统,admin,!1fw@2soc#3vpn
66,LogBase日志管理综合审计系统,admin,safetybase
67,天融信-TopAudit日志审计系统,superman,talent
68,绿盟-安全审计系统,shell,shell
69,绿盟-安全审计系统,admin,admin
70,绿盟-安全审计系统,conadmin,conadmin
71,绿盟-安全审计系统,webaudit,webaudit
72,绿盟-安全审计系统,weboper,weboper
73,山石网科,hillstone,hillstone
74,阿姆瑞特防火墙,admin,manager
75,天清汉马-USG防火墙,useradmin,venus.user
76,天清汉马-USG防火墙,Audit,venus.audit
77,天清汉马-USG防火墙,admin,venus.fw
78,kill防火墙(冠群金辰),admin,sys123
79,中新金盾-硬件防火墙,admin,123
80,Juniper-SSG__5防火墙,netscreen,netscreen
81,飞塔-防火墙,admin,密码为空
82,方正-防火墙,admin,admin
83,华为-防火墙,ftpuser,ftppwd
84,华为-防火墙,admin,Admin@123
85,华为-防火墙,eudemon,eudemon
86,华为-防火墙,telnetuser,telnetpwd
87,黑盾-防火墙,audit,abc123
88,黑盾-防火墙,rule,abc123
89,黑盾-防火墙,admin,admin
90,天融信-防火墙NGFW4000,superman,talent
91,天融信-防火墙NGFW4000,superman,talent!23
92,网神-防火墙,firewall,firewall
93,网神-防火墙,admin,firewall
94,360-天擎,admin,admin
95,H3C-ER3260,admin,adminer3260
96,H3C-ER3200,admin,adminer3200
97,H3C-ER3100,admin,adminer3100
98,H3C-智能管理中心,admin,admin
99,H3C-S5120-SI,test,123
100,H3C-SecPath系列,admin,admin
101,H3C-iMC,admin,admin
102,中控-考勤机web3.0,administrator,123456
103,科来-网络回溯分析系统,csadmin,colasoft
104,网络卫士入侵检测系统,admin,talent
105,联想网御入侵检测系统,lenovo,default
106,联想网御防火墙PowerV?,administrator,administrator
107,网御-事件服务器,admin,admin123
108,联想网御,administrator,administrator
109,联想网御,admin,bane@7766
110,联想网御,admin,leadsec@7766
111,网御-WAF集中控制中心(V3.0R5.0),adm,leadsec.waf
112,网御-WAF集中控制中心(V3.0R5.0),audit,leadsec.waf
113,网御-WAF集中控制中心(V3.0R5.0),admin,leadsec.waf
114,启明-天阗-入侵检测与管理系统 V6.0,adm,venus60
115,启明-天阗-入侵检测与管理系统 V6.0,Audit,venus60
116,启明-天阗-入侵检测与管理系统 V6.0,Admin,venus60
117,启明-天阗入侵检测与管理系统 V7.0,adm,venus70
118,启明-天阗入侵检测与管理系统 V7.0,Audit,venus70
119,启明-天阗入侵检测与管理系统 V7.0,Admin,venus70
120,网御-漏洞扫描系统,leadsec,leadsec
121,深信服-AD_v5.1,admin,admin
122,深信服-上网行为管理设备数据中心,Admin,密码为空
123,深信服-AD3.9,admin,admin
124,深信服-NGAF下一代应用防火墙(NGAF V4.3),admin,admin
125,深信服-AF(NGAF V2.2),admin,sangfor
126,深信服-防火墙,admin,sangfor
127,深信服-AC6.0,admin,admin
128,深信服-ipsec-VPN (SSL 5.5),Admin,Admin
129,深信服-VPN,Admin,Admin
130,深信服-WAC ( WNS V2.6),admin,admin
131,深信服-负载均衡 AD 3.6,admin,admin
132,深信服产品,sangfor,sangfor sangfor@2018 sangfor@2019
133,国外路由器-vividwireless-WIXFMR-107,admin,admin123
134,国外路由器-vividwireless-DX-230,unknown,unknown
135,国外路由器-pcWRT-TORONTO-N,none,pcwrt
136,国外路由器-neufbox-NB4-SER-r0,unknown,unknown
137,国外路由器-ice.net-R-90,admin,admin
138,国外路由器-ice.net-D-35,admin,admin
139,国外路由器-iBall-iB-WRB150N,admin,admin
140,国外路由器-iBall-iB-LR6111A,admin,admin
141,国外路由器-eHome-EH100,admin,blank
142,国外路由器-bebo-700,admin,epicrouter
143,国外路由器-bRoadLanner-BRL-04FXP,blank,0
144,国外路由器-ZyXEL-ZyWALLZ70UTM,NONE,1234
145,国外路由器-ZyXEL-Zywall70,NONE,1234
146,国外路由器-ZyXEL-ZyWALL35,admin,1234
147,国外路由器-ZyXEL-ZyWall2WE,NONE,1234
148,国外路由器-ZyXEL-ZyWall100,NONE,1234
149,国外路由器-ZyXEL-ZyWall10,NONE,1234
150,国外路由器-ZyXEL-ZyWall1,NONE,1234
151,国外路由器-ZyXEL-ZyAIRG2000Plus,NONE,1234
152,国外路由器-ZyXEL-ZyAIRG2000,NONE,1234
153,国外路由器-ZyXEL-ZyAIRB2000,NONE,1234
154,国外路由器-ZyXEL-X650,admin,1234
155,国外路由器-ZyXEL-X550,admin,1234
156,国外路由器-ZyXEL-VMG8924B10A,admin,password
157,国外路由器-ZyXEL-VMG8324B10A,admin,1234
158,国外路由器-ZyXEL-VMG8324B10A,admin,password
159,国外路由器-ZyXEL-VMG3926B10A,admin,1234
160,国外路由器-ZyXEL-VFG6005N,admin,1234
161,国外路由器-ZyXEL-SP660,none,1234
162,国外路由器-ZyXEL-RP314,admin,1234
163,国外路由器-ZyXEL-Q1000Z,blank,blank
164,国外路由器-ZyXEL-Prestige964,webadmin,1234
165,国外路由器-ZyXEL-Prestige960,webadmin,1234
166,国外路由器-ZyXEL-Prestige792H,admin,1234
167,国外路由器-ZyXEL-Prestige660RUT3,admin,admin
168,国外路由器-ZyXEL-Prestige660ME61,admin,1234
169,国外路由器-ZyXEL-Prestige660HW67,admin,1234
170,国外路由器-ZyXEL-Prestige660HW61,admin,1234
171,国外路由器-ZyXEL-Prestige660HWT3,admin,1234
172,国外路由器-ZyXEL-Prestige660HWT1,admin,admin
173,国外路由器-ZyXEL-Prestige660HW61,unknown,unknown
174,国外路由器-ZyXEL-Prestige653HWI,admin,1234
175,国外路由器-ZyXEL-Prestige652,admin,1234
176,国外路由器-ZyXEL-Prestige650RE1,admin,1234
177,国外路由器-ZyXEL-Prestige650R33,admin,1234
178,国外路由器-ZyXEL-Prestige650R31,admin,1234
179,国外路由器-ZyXEL-Prestige650R,admin,1234
180,国外路由器-ZyXEL-Prestige650H,admin,1234
181,国外路由器-ZyXEL-Prestige650,admin,1234
182,国外路由器-ZyXEL-Prestige645RA2,admin,1234
183,国外路由器-ZyXEL-Prestige645RA1,admin,1234
184,国外路由器-ZyXEL-Prestige645,Admin,1234
185,国外路由器-ZyXEL-Prestige623RT1,admin,1234
186,国外路由器-ZyXEL-Prestige623RA1,admin,1234
187,国外路由器-ZyXEL-Prestige623ME,admin,1234
188,国外路由器-ZyXEL-Prestige62341,admin,1234
189,国外路由器-ZyXEL-Prestige623,admin,1234
190,国外路由器-ZyXEL-Prestige600HWT1,admin,1234
191,国外路由器-ZyXEL-Prestige600,admin,1234
192,国外路由器-ZyXEL-Prestige334,NONE,1234
193,国外路由器-ZyXEL-Prestige2602HWL61,blank,admin
194,国外路由器-ZyXEL-Prestige2602HW61,blank,admin
195,国外路由器-ZyXEL-Prestige2602H61C,NONE,1234
196,国外路由器-ZyXEL-Prestige2602H61C,NONE,admin
197,国外路由器-ZyXEL-Prestige2602H61,NONE,admin
198,国外路由器-ZyXEL-PK5001Z,admin,unknown
199,国外路由器-ZyXEL-PK5000Z,blank,blank
200,国外路由器-ZyXEL-PK5000Z,none,none
201,国外路由器-ZyXEL-P870HN51b,admin,1234
202,国外路由器-ZyXEL-P661HWD1,user,1234
203,国外路由器-ZyXEL-P661HNUF1,admin,1234
204,国外路由器-ZyXEL-P661HD1,admin,admin
205,国外路由器-ZyXEL-P660RUT1,admin,1234
206,国外路由器-ZyXEL-P660RT2,none,1234
207,国外路由器-ZyXEL-P660RT1,admin,1234
208,国外路由器-ZyXEL-P660RT1,none,admin
209,国外路由器-ZyXEL-P660RELNK,admin,1234
210,国外路由器-ZyXEL-P660RD1,1234,1234
211,国外路由器-ZyXEL-P660HWT3,1234,1234
212,国外路由器-ZyXEL-P660HWT1,none,admin
213,国外路由器-ZyXEL-P660HWD1,none,1234
214,国外路由器-ZyXEL-P660HT3,1234,1234
215,国外路由器-ZyXEL-P660HT1,admin,admin
216,国外路由器-ZyXEL-P660RT1v3s,admin,1234
217,国外路由器-ZyXEL-P660D1RoHS,1234,1234
218,国外路由器-ZyXEL-P336M,admin,1234
219,国外路由器-ZyXEL-P334WT,none,1234
220,国外路由器-ZyXEL-P330WEE,admin,1234
221,国外路由器-ZyXEL-P330w,admin,1234
222,国外路由器-ZyXEL-P324,NONE,1234
223,国外路由器-ZyXEL-P320W,none,1234
224,国外路由器-ZyXEL-P2812HNU,admin,1234
225,国外路由器-ZyXEL-P2602R,blank,1234
226,国外路由器-ZyXEL-P2602HWT,admin,blank
227,国外路由器-ZyXEL-P2602HW,blank,1234
228,国外路由器-ZyXEL-P2602H,blank,1234
229,国外路由器-ZyXEL-P2601HN,blank,1234
230,国外路由器-ZyXEL-NBG-4604,admin,1234
231,国外路由器-ZyXEL-NBG-419N,none,1234
232,国外路由器-ZyXEL-NBG-418N,admin,1234
233,国外路由器-ZyXEL-NBG-416N,admin,1234
234,国外路由器-ZyXEL-NBG-415N,admin,1234
235,国外路由器-ZyXEL-NBG-334W,none,1234
236,国外路由器-ZyXEL-IAD-P2602,blank,admin
237,国外路由器-ZyXEL-HS-100W,admin,admin
238,国外路由器-ZyXEL-EQ-660R,admin,1234
239,国外路由器-ZyXEL-C1100Z,printed on bottom of router,printed on bottom of router
240,国外路由器-ZyXEL-C1000Z,admin,on router sticker
241,国外路由器-ZyXEL-AMG1202-T10A,none,1234
242,国外路由器-Zoom-X65990,admin,zoomadsl
243,国外路由器-Zoom-X6,admin,zoomadsl
244,国外路由器-Zoom-X55654B,admin,zoomadsl
245,国外路由器-Zoom-X55654A,admin,zoomadsl
246,国外路由器-Zoom-X5,admin,zoomadsl
247,国外路由器-Zoom-X45551,admin,zoomadsl
248,国外路由器-Zoom-AdslX65590,admin,zoomadsl
249,国外路由器-Zoom-5660,admin,zoomadsl
250,国外路由器-Zoom-5654,admin,zoomadsl
251,国外路由器-Zoom-5560ADSL,admin,zoomadsl
252,国外路由器-Zoom-5560,admin,zoomadsl
253,国外路由器-Zoom-5554ADSL,admin,zoomadsl
254,国外路由器-Zoom-5551ADSL,admin,zoomadsl
255,国外路由器-Zoom-5363,admin,admin
256,国外路由器-Zoom-5354,admin,admin
257,国外路由器-Zoom-5352,admin,admin
258,国外路由器-Zoom-5350,admin,admin
259,国外路由器-Zoom-4402,admin,admin
260,国外路由器-Zonet-ZSR4154WE,admin,admin
261,国外路由器-Zonet-ZSR1124WE,guest,guest
262,国外路由器-Zonet-ZSR0104CP,admin,admin
263,国外路由器-Zonet-ZSR0104B,admin,0
264,国外路由器-Zioncom-IP0803,admin,admin
265,国外路由器-Zioncom-iP0143-B,admin,admin
266,国外路由器-Zioncom-IP0143,unknown,unknown
267,国外路由器-Zhone-ZNID-GPON-2426-UK,admin,zhone
268,国外路由器-Zhone-6748-W1,admin,admin
269,国外路由器-Zhone-6718-W1-EUB,admin,admin
270,国外路由器-Zhone-6718-W1,admin,admin
271,国外路由器-Zhone-6519-A2,admin,admin
272,国外路由器-Zhone-6518-A1,admin,admin
273,国外路由器-Zhone-6381-A4-200-1PR,Admin,Admin
274,国外路由器-Zhone-6219-X1-NA-0CC,admin,cciadmin
275,国外路由器-Zhone-6219-x1,admin,admin
276,国外路由器-Zhone-6218-12-200-0TT,admin,admin
277,国外路由器-Zhone-6211-I3,admin,admin
278,国外路由器-Zhone-1518-A1,admin,admin
279,国外路由器-Zhone-1511-A1,admin,admin
280,国外路由器-ZeroOneTech-AF420B,UNKNOWN,UNKNOWN
281,国外路由器-ZTE-ZXV10W300,admin,admin
282,国外路由器-ZTE-ZXV10W300,on,on
283,国外路由器-ZTE-ZXV10H208L,admin,admin
284,国外路由器-ZTE-ZXV10H201L,admin,admin
285,国外路由器-ZTE-ZXHNH298N,user,user
286,国外路由器-ZTE-ZXHNH267N,admin,admin
287,国外路由器-ZTE-ZXHNH208N,cytauser,cytauser
288,国外路由器-ZTE-ZXHNH208N,admin,admin
289,国外路由器-ZTE-ZXHNH108N,admin,admin
290,国外路由器-ZTE-ZXHNF620,admin,admin
291,国外路由器-ZTE-ZXDSL931VII,admin,admin
292,国外路由器-ZTE-ZXDSL831D,ZXDSL,ZXDSL
293,国外路由器-ZTE-ZXDSL831CII,admin,admin
294,国外路由器-ZTE-ZXDSL831,admin,admin
295,国外路由器-ZTE-ZXDSL831,ZXDSL,ZXDSL
296,国外路由器-ZTE-ZXDSL531B,admin,admin
297,国外路由器-ZTE-ZHXN-H108NS,admin,admin
298,国外路由器-ZTE-Z700A,none,attadmin
299,国外路由器-ZTE-Z288L,admin,printed on router
300,国外路由器-ZTE-Z-917,none,admin
301,国外路由器-ZTE-UniteUS,unknown,unknown
302,国外路由器-ZTE-NetFasteRWLAN,admin,admin
303,国外路由器-ZTE-MF93D,admin,admin
304,国外路由器-ZTE-MF923,none,attadmin
305,国外路由器-ZTE-MF910V,admin,admin
306,国外路由器-ZTE-MF65M,none,admin
307,国外路由器-ZTE-MF65,none,smartbro
308,国外路由器-ZTE-MF612,admin,admin
309,国外路由器-ZTE-MF29A,none,admin
310,国外路由器-ZTE-MF28B,none,none
311,国外路由器-ZTE-MF286,admin,admin
312,国外路由器-ZTE-MF283,none,admin
313,国外路由器-ZTE-H369A,user,user
314,国外路由器-ZTE-H220N,HPN,blank
315,国外路由器-ZTE-F660,admin,admin
316,国外路由器-ZTE-F620,admin,admin
317,国外路由器-ZTE-F609,admin,admin
318,国外路由器-ZTE-BavoZXV10-W300,admin,admin
319,国外路由器-ZTE-AR550,admin,admin
320,国外路由器-ZTE-AC30,admin,admin
321,国外路由器-ZIO-WLB5254AIP,unknown,unknown
322,国外路由器-Xtremeit-10242,guest,guest
323,国外路由器-Xterasys-XR-1105+,blank,blank
324,国外路由器-XperioLabs-XL-8121W12,unknown,unknown
325,国外路由器-Xincom-502,admin,blank
326,国外路由器-Xavi-x9368n,user,user
327,国外路由器-Xavi-X8821r+,admin,admin
328,国外路由器-Xavi-x825,Admin,Admin
329,国外路由器-Xavi-X8222r,unknown,unknown
330,国外路由器-Xavi-x8122R,admin,admin
331,国外路由器-Xavi-x8121,admin,admin
332,国外路由器-Xavi-x7868r+,root,root
333,国外路由器-Xavi-X7822r,unknown,unknown
334,国外路由器-Xavi-X7721r+,admin,admin
335,国外路由器-Xavi-X5258-P2,Admin,Admin
336,国外路由器-Xavi-8124r,admin,admin
337,国外路由器-Xavi-8021R,admin,admin
338,国外路由器-Xavi-7968,admin,Xavi
339,国外路由器-Xavi-7868r,1234,1234
340,国外路由器-X-linx-MB-100S,blank,blank
341,国外路由器-X-Micro-XWL-11GUZX,admin,1234
342,国外路由器-X-Micro-Wlan802.11,UNKNOWN,UNKNOWN
343,国外路由器-X-Micro-wlan11g,admin,admin
344,国外路由器-Witpack-4P,witpack,witpack
345,国外路由器-Wisenet-WR-6004+,none,none
346,国外路由器-Wise-WR-5004,admin,admin
347,国外路由器-WiFiRanger-Sky,unknown,unknown
348,国外路由器-WiFiRanger-Marine2,unknown,unknown
349,国外路由器-WiFiRanger-Go2v6,unknown,unknown
350,国外路由器-WiFiRanger-Elite,unknown,unknown
351,国外路由器-WesternDigital-N900,admin,password
352,国外路由器-WesternDigital-MyNetN750,admin,password
353,国外路由器-Westell-Wirespeed36R570,NOLOGIN,NOLOGIN
354,国外路由器-Westell-Wirespeed2410,NOLOGIN,NOLOGIN
355,国外路由器-Westell-Wirespeed2400,NOLOGIN,NOLOGIN
356,国外路由器-Westell-Wirespeed2200,UNKNOWN,UNKNOWN
357,国外路由器-Westell-Wirespeed2100,NOLOGIN,NOLOGIN
358,国外路由器-Westell-Versalink327W,admin,admin
359,国外路由器-Westell-G90-610060-20,unknown,unknown
360,国外路由器-Westell-E90-610030-06,admin,admin
361,国外路由器-Westell-E90-610015-06,admin,admin
362,国外路由器-Westell-E90-610014-06,admin,admin
363,国外路由器-Westell-D90-740010-06,admin,password
364,国外路由器-Westell-D90-327W15-06,admin,admin
365,国外路由器-Westell-D90-327W14-06,admin,admin
366,国外路由器-Westell-C90-610030-06,admin,admin
367,国外路由器-Westell-C90-610015-06,admin,admin
368,国外路由器-Westell-C90-327W30-06,admin,admin
369,国外路由器-Westell-b90-740010-07,admin,password
370,国外路由器-Westell-B90-327W15-06,admin,admin
371,国外路由器-Westell-B90-220030-04,NOLOGIN,NOLOGIN
372,国外路由器-Westell-A90-9100EM15-10,admin,password
373,国外路由器-Westell-A90-750045-07,admin,password
374,国外路由器-Westell-A90-750022-07,admin,password
375,国外路由器-Westell-A90-750020-07,admin,password
376,国外路由器-Westell-A90-750018-07,admin,password
377,国外路由器-Westell-A90-750015-07,admin,password
378,国外路由器-Westell-A90-750014-07,admin,unknown
379,国外路由器-Westell-A90-327W15-06,admin,admin
380,国外路由器-Westell-A90-220015-04,UNKNOWN,UNKNOWN
381,国外路由器-Westell-6100,admin,password
382,国外路由器-WebExcel-PT3812,admin,epicrouter
383,国外路由器-WebExcel-adsl2-2,admin,admin
384,国外路由器-W-linx-MB400-X2,blank,blank
385,国外路由器-W-linx-MB-400XP,blank,admin
386,国外路由器-Vtech-ip8100,VTech,VTech
387,国外路由器-Vood-453W,unknown,unknown
388,国外路由器-Vonage-VWR,user,user
389,国外路由器-Vonage-VDV23,admin,admin
390,国外路由器-Vonage-VDV21-VD,router,router
391,国外路由器-Vodafone-R216,none,admin
392,国外路由器-Vodafone-Box,vodafone,vodafone
393,国外路由器-Vodafone-ARV4519PW,vodafone,vodafone
394,国外路由器-Vizio-XWR100,unknown,unknown
395,国外路由器-VisionNet-M505N,enduser,password
396,国外路由器-VisionNet-M504,unknown,unknown
397,国外路由器-VisionNet-M404,enduser,password
398,国外路由器-VisionNet-200ES-RADSL,admin,visionnet
399,国外路由器-VirginMedia-SuperHub2ac,NONE,on router label
400,国外路由器-VirginMedia-SuperHub2,found on label,found on label
401,国外路由器-VirginMedia-Hub3.0,NONE,found on router sticker
402,国外路由器-Virata-DSL906EUWebCom,UNKNOWN,UNKNOWN
403,国外路由器-VikingII-AR520,root,root
404,国外路由器-Verizon-JetpackMiFi6620L,NONE,admin
405,国外路由器-Verizon-Fivespot,admin,admin
406,国外路由器-V-Link-VLR-1505n,admin,gvt12345
407,国外路由器-Unihero-VT-AD02,unknown,unknown
408,国外路由器-Uniden-WNR2004,UNIDEN,blank
409,国外路由器-Uniden-ENR1504,UNIDEN,blank
410,国外路由器-Unex-IS050S,blank,blank
411,国外路由器-Unex-IS050E,none,administrator
412,国外路由器-Umax-SWC-9200,user,user
413,国外路由器-Ubiquiti-NanoStationM5,blank,blank
414,国外路由器-Ubiquiti-AirOSAirGridM5HP,blank,blank
415,国外路由器-Ubiquiti-AirOS,blank,blank
416,国外路由器-Ubee-EWV3200,unknown,unknown
417,国外路由器-Ubee-EVW3226upc,admin,admin
418,国外路由器-Ubee-DVW32CB,admin,on label under heading of GUI password
419,国外路由器-Ubee-DVW32C1,admin,printed on router
420,国外路由器-Ubee-DVW32C,unknown,unknown
421,国外路由器-Ubee-DVW326B,user,user
422,国外路由器-Ubee-DVW326,user,admin
423,国外路由器-Ubee-DVW3201B,user,user
424,国外路由器-Ubee-DVW3102B,user,user
425,国外路由器-Ubee-DDW36C,admin,on router label
426,国外路由器-Ubee-DDW366,user,user
427,国外路由器-Ubee-DDW365,user,user
428,国外路由器-Ubee-DDW3611,user,user
429,国外路由器-Ubee-DDW3610,user,user
430,国外路由器-Ubee-DDW336,user,user
431,国外路由器-Ubee-AmbitU10C037,user,user
432,国外路由器-Ubee-AmbitU10C022,user,user
433,国外路由器-UTStarcom-WA3002-G4,admin,admin
434,国外路由器-UTStarcom-WA3002-g1,admin,admin
435,国外路由器-UTStarcom-UT4110A,admin,admin
436,国外路由器-UTStarcom-UT-300R2U,admin,admin
437,国外路由器-UTStarcom-UT-300R2,admin,admin
438,国外路由器-UTStarcom-UT-300R2,admin,utstar
439,国外路由器-UTStarcom-UT-300R,root,root
440,国外路由器-UStec-TP-IPR8,blank,blank
441,国外路由器-USRobotics-xx5462,admin,admin
442,国外路由器-USRobotics-USR9114,admin,admin
443,国外路由器-USRobotics-USR9112,admin,1234
444,国外路由器-USRobotics-USR9110,admin,1234
445,国外路由器-USRobotics-USR9107,admin,admin
446,国外路由器-USRobotics-USR8550,blank,12345
447,国外路由器-USRobotics-USR819112,admin,none
448,国外路由器-USRobotics-USR8054,NONE,blank
449,国外路由器-USRobotics-USR8022,NONE,blank
450,国外路由器-USRobotics-USR8011,NONE,blank
451,国外路由器-USRobotics-USR8004,NONE,blank
452,国外路由器-USRobotics-USR8003,NONE,blank
453,国外路由器-USRobotics-USR8001,NONE,blank
454,国外路由器-USRobotics-USR8000A,NONE,blank
455,国外路由器-USRobotics-USR8000,NONE,admin
456,国外路由器-USRobotics-USR5465,none,admin
457,国外路由器-USRobotics-USR5464,blank,blank
458,国外路由器-USRobotics-USR5463,blank,blank
459,国外路由器-USRobotics-USR5462,admin,admin
460,国外路由器-USRobotics-USR5461,blank,blank
461,国外路由器-USRobotics-SureConnect9108,admin,admin
462,国外路由器-USRobotics-SureConnect9107,admin,admin
463,国外路由器-USRobotics-SureConnect9106,admin,admin
464,国外路由器-USRobotics-SureConnect9003,root,12345
465,国外路由器-Twister-RT-710,blank,admin
466,国外路由器-Trust-SpeedshareTurboPro,admin,admin
467,国外路由器-Trust-MD-4050,unknown,unknown
468,国外路由器-Trust-GB-445A,admin,epicrouter
469,国外路由器-Trust-340SpeedShare,unknown,unknown
470,国外路由器-Trendnet-TWG-BRF114,blank,blank
471,国外路由器-Trendnet-TW100-S4W1CA,blank,blank
472,国外路由器-Trendnet-TW100-S4W1CA,admin,blank
473,国外路由器-Trendnet-TW100-BRV304,blank,blank
474,国外路由器-Trendnet-TW100-BRV204,blank,blank
475,国外路由器-Trendnet-TW100-BRM504,blank,blank
476,国外路由器-Trendnet-TW100-BRF114U,blank,blank
477,国外路由器-Trendnet-TW100-BRF1141,blank,blank
478,国外路由器-Trendnet-TVP-224HR,admin,123
479,国外路由器-Trendnet-TPL-111BR,admin,admin
480,国外路由器-Trendnet-TEW-828DRU,printed on router,printed on router
481,国外路由器-Trendnet-TEW-827DRU,admin,printed on bottom of router
482,国外路由器-Trendnet-TEW-823DRU,admin,printed on bottom of router
483,国外路由器-Trendnet-TEW-818DRU,printed on bottom of router,printed on bottom of router
484,国外路由器-Trendnet-TEW-812DRU,admin,admin
485,国外路由器-Trendnet-TEW-731BR,admin,admin
486,国外路由器-Trendnet-TEW-692GR,admin,admin
487,国外路由器-Trendnet-TEW-691GR,admin,none
488,国外路由器-Trendnet-TEW-673GRU,admin,admin
489,国外路由器-Trendnet-TEW-672GR,admin,none
490,国外路由器-Trendnet-TEW-671BR,admin,admin
491,国外路由器-Trendnet-TEW-658BRM,admin,admin
492,国外路由器-Trendnet-TEW-657BRM,admin,password
493,国外路由器-Trendnet-TEW-654TR,admin,admin
494,国外路由器-Trendnet-TEW-652BRP,admin,admin
495,国外路由器-Trendnet-TEW-651BR,admin,admin
496,国外路由器-Trendnet-TEW-639GR,admin,password
497,国外路由器-Trendnet-TEW-635BRM,admin,password
498,国外路由器-Trendnet-TEW-634GRU,admin,admin
499,国外路由器-Trendnet-TEW-633GR,Admin,unknown
500,国外路由器-Trendnet-TEW-632BRP,admin,admin
501,国外路由器-Trendnet-TEW-631BRP,Admin,none
502,国外路由器-Trendnet-TEW-611BRP,admin,unknown
503,国外路由器-Trendnet-TEW-511BRP,blank,admin
504,国外路由器-Trendnet-TEW-452BRP,admin,admin
505,国外路由器-Trendnet-TEW-436BRM,admin,admin
506,国外路由器-Trendnet-TEW-435BRM,admin,password
507,国外路由器-Trendnet-TEW-435BRM,blank,blank
508,国外路由器-Trendnet-TEW-432BRP,admin,admin
509,国外路由器-Trendnet-TEW-431BRP,blank,blank
510,国外路由器-Trendnet-TEW-411BRP+,blank,admin
511,国外路由器-Trendnet-TEW-311BRP,admin,admin
512,国外路由器-Trendnet-TEW-231BRP,blank,blank
513,国外路由器-Trendnet-TEW-211BRP,admin,1234
514,国外路由器-Trendnet-TDM-C400,admin,admin
515,国外路由器-Trendnet-GS8100,admin,admin
516,国外路由器-TrendChip-TW263R4-A1,admin,1234
517,国外路由器-TrendChip-TC3085,admin,admin
518,国外路由器-TrendChip-HG520,admin,admin
519,国外路由器-Trellis-BSMART,admin,admin
520,国外路由器-Totolink-N151RA,admin,admin
521,国外路由器-Totolink-N100RE,admin,admin
522,国外路由器-Toshiba-WRC-1000,admin,password
523,国外路由器-Tornado-840,NONE,admin
524,国外路由器-Tornado-2441,admin,admin
525,国外路由器-Tornado-242,NONE,admin
526,国外路由器-Topcom-Xplorer871BT,unknown,unknown
527,国外路由器-Topcom-Xplorer870+,admin,12345678
528,国外路由器-Topcom-WL-108,admin,admin
529,国外路由器-Topcom-Webracer880,admin,admin
530,国外路由器-Topcom-WBR7001g,admin,admin
531,国外路由器-Topcom-WBR654,admin,admin
532,国外路由器-Topcom-WBR611,admin,admin
533,国外路由器-Topcom-WBR354G,admin,admin
534,国外路由器-Topcom-WBR254G,admin,admin
535,国外路由器-Topcom-WBR254,admin,admin
536,国外路由器-Topcom-WBR244,admin,admin
537,国外路由器-Topcom-BR604,admin,admin
538,国外路由器-Topcom-BR204,admin,blank
539,国外路由器-Topcom-BR104,admin,
540,国外路由器-TopGlobal-MB6000,public,public
541,国外路由器-Tilgin-Vood452W,Conf,admin
542,国外路由器-Tilgin-Vood452w,Conf,admin
543,国外路由器-Tilgin-Vood422,unknown,unknown
544,国外路由器-Tilgin-Vood322,unknown,unknown
545,国外路由器-ThomsonAlcatel-TWG850,blank,admin
546,国外路由器-ThomsonAlcatel-TWG-870U,none,admin
547,国外路由器-ThomsonAlcatel-TWG-870,none,admin
548,国外路由器-ThomsonAlcatel-TG797,Administrator,blank
549,国外路由器-ThomsonAlcatel-TG789vn,unknown,unknown
550,国外路由器-ThomsonAlcatel-TG787,unknown,unknown
551,国外路由器-ThomsonAlcatel-TG784,none,none
552,国外路由器-ThomsonAlcatel-TG784,unknown,unknown
553,国外路由器-ThomsonAlcatel-TG782T,unknown,unknown
554,国外路由器-ThomsonAlcatel-TG782,unknown,unknown
555,国外路由器-ThomsonAlcatel-TG712,Administrator,blank
556,国外路由器-ThomsonAlcatel-TG587n,Administrator,blank
557,国外路由器-ThomsonAlcatel-TG585n,Administrator,blank
558,国外路由器-ThomsonAlcatel-TG585,Administrator,blank
559,国外路由器-ThomsonAlcatel-TG585,Administrator,Administrator
560,国外路由器-ThomsonAlcatel-TG582n-O2,Administrator,blank
561,国外路由器-ThomsonAlcatel-TG580,none,none
562,国外路由器-ThomsonAlcatel-TG508,none,none
563,国外路由器-ThomsonAlcatel-TCW750-4,none,admin
564,国外路由器-ThomsonAlcatel-TCW710,blank,admin
565,国外路由器-ThomsonAlcatel-TCW690,blank,admin
566,国外路由器-ThomsonAlcatel-ST780,blank,blank
567,国外路由器-ThomsonAlcatel-ST5x6,blank,blank
568,国外路由器-ThomsonAlcatel-ST585,blank,blank
569,国外路由器-ThomsonAlcatel-ST546,blank,blank
570,国外路由器-ThomsonAlcatel-ST536,blank,blank
571,国外路由器-ThomsonAlcatel-SpeedTouchFirewall,blank,blank
572,国外路由器-ThomsonAlcatel-Speedtouch780,admin,admin
573,国外路由器-ThomsonAlcatel-SpeedTouch716WL,blank,blank
574,国外路由器-ThomsonAlcatel-SpeedTouch625,Administrator,blank
575,国外路由器-ThomsonAlcatel-Speedtouch608,blank,blank
576,国外路由器-ThomsonAlcatel-SpeedTouch585i,Administrator,blank
577,国外路由器-ThomsonAlcatel-SpeedTouch585,Administrator,blank
578,国外路由器-ThomsonAlcatel-SpeedTouch576,blank,blank
579,国外路由器-ThomsonAlcatel-SpeedTouch570,blank,blank
580,国外路由器-ThomsonAlcatel-SpeedTouch546,blank,blank
581,国外路由器-ThomsonAlcatel-Speedtouch546,admin,admin
582,国外路由器-ThomsonAlcatel-SpeedTouch545,blank,blank
583,国外路由器-ThomsonAlcatel-SpeedTouch540,blank,blank
584,国外路由器-ThomsonAlcatel-SpeedTouch536,blank,blank
585,国外路由器-ThomsonAlcatel-SpeedTouch536,admin,admin
586,国外路由器-ThomsonAlcatel-Speedtouch530,admin,admin
587,国外路由器-ThomsonAlcatel-SpeedTouch530,blank,blank
588,国外路由器-ThomsonAlcatel-SpeedTouch516i,admin,admin
589,国外路由器-ThomsonAlcatel-SpeedTouch516,admin,admin
590,国外路由器-ThomsonAlcatel-SpeedTouch510i,unknown,unknown
591,国外路由器-ThomsonAlcatel-Speedtouch510,admin,admin
592,国外路由器-ThomsonAlcatel-SpeedTouch510,blank,blank
593,国外路由器-ThomsonAlcatel-DWG855T,none,admin
594,国外路由器-ThomsonAlcatel-DCW725,blank,admin
595,国外路由器-ThomsonAlcatel-ACG905,blank,admin
596,国外路由器-ThomsonAlcatel-3881,blank,blank
597,国外路由器-Thomson-TCW7704,none,admin
598,国外路由器-Thomson-TCW770,none,password
599,国外路由器-Thomson-DWG875,none,admin
600,国外路由器-Thomson-DWG855TLG,blank,admin
601,国外路由器-Thomson-DWG855,blank,admin
602,国外路由器-Thomson-DCW725,blank,admin
603,国外路由器-Teracom-TAD100,admin,admin
604,国外路由器-Teracom-T1-B-DSL699E9.4U65,admin,admin
605,国外路由器-Tendia-TWL54C,admin,admin
606,国外路由器-Tenda-WBR-T3,admin,admin
607,国外路由器-Tenda-W541R,admin,admin
608,国外路由器-Tenda-W311R+,admin,admin
609,国外路由器-Tenda-W308R,admin,admin
610,国外路由器-Tenda-W308R,unknown,unknown
611,国外路由器-Tenda-W306R,admin,admin
612,国外路由器-Tenda-W303R,admin,admin
613,国外路由器-Tenda-W302R,admin,admin
614,国外路由器-Tenda-W300D,admin,admin
615,国外路由器-Tenda-W150D,admin,admin
616,国外路由器-Tenda-R360,none,admin
617,国外路由器-Tenda-FH303,admin,admin
618,国外路由器-Tenda-D840R,admin,admin
619,国外路由器-Tenda-D301,admin,admin
620,国外路由器-Telus-V1000H,admin,telus
621,国外路由器-Teltonika-RUT950,admin,admin
622,国外路由器-Teltonika-RUT500,admin,admin01
623,国外路由器-Telstra-UltimateAC753S,none,admin_Ultimate
624,国外路由器-Telstra-AC753S,none,admin_Ultimate
625,国外路由器-Telsey-WAU11n,admin,admin
626,国外路由器-Telsey-CPVA202+,admin,admin
627,国外路由器-Telsec-TS-9000,admin,admin
628,国外路由器-Telrad-WLTCS-106,unknown,unknown
629,国外路由器-Telrad-CPE7000,unknown,unknown
630,国外路由器-Telmex-InfinitumEchoLifeHG520b,unknown,unknown
631,国外路由器-Telkom-MPC850,root,root
632,国外路由器-Telkom-Mega200VWR,admin,admin
633,国外路由器-Telkom-Mega105WR,admin,password
634,国外路由器-Telkom-Mega100WR,admin,admin
635,国外路由器-Telkom-ADSL5102G,admin,admin
636,国外路由器-Telio-SPA2100,blank,blank
637,国外路由器-Telindus-1131,admin,admin
638,国外路由器-Telindus-1124,admin,admin
639,国外路由器-Telewell-TW-EQ501,admin,admin
640,国外路由器-Telewell-TW-EA511,admin,admin
641,国外路由器-Telewell-TW-EA510v3-b,admin,admin
642,国外路由器-Telewell-TW-EA510,admin,admin
643,国外路由器-Telewell-TW-EA501,admin,admin
644,国外路由器-Telewell-TW-EA500,admin,password
645,国外路由器-Telewell-TW-EA310,admin,admin
646,国外路由器-Telewell-TW-EA1000,admin,admin
647,国外路由器-Telenet-TNDSL2120,unknown,unknown
648,国外路由器-Tecom-WL5041,unknown,unknown
649,国外路由器-Tecom-AW4062,1234,1234
650,国外路由器-Tecom-AR1031,admin,admin
651,国外路由器-Tecom-AR1021,root,root
652,国外路由器-Tecom-AH4222,admin,admin
653,国外路由器-Tecom-AH4021,user,user
654,国外路由器-Tecom-AH2322W,unknown,unknown
655,国外路由器-Technicolor-TG852n,admin,1234
656,国外路由器-Technicolor-TG799vn,admin,password
657,国外路由器-Technicolor-TG789vn,admin,blank
658,国外路由器-Technicolor-TG788vn,Administrator,none
659,国外路由器-Technicolor-TG788vn,unknown,unknown
660,国外路由器-Technicolor-TG784n,Administrator,blank or the access key printed on label
661,国外路由器-Technicolor-TG589vn,admin,admin
662,国外路由器-Technicolor-TG587n,admin,admin
663,国外路由器-Technicolor-TG582n-O2,Administrator,blank
664,国外路由器-Technicolor-TG582n,admin,SerialNumber
665,国外路由器-Technicolor-TD5136v2,admin,admin
666,国外路由器-Technicolor-TD5130,admin,admin
667,国外路由器-Technicolor-TC8715D,admin,password
668,国外路由器-Technicolor-TC8305C,admin,password
669,国外路由器-Technicolor-TC7230,admin,admin
670,国外路由器-Technicolor-TC7210.dNZ,blank,admin
671,国外路由器-Technicolor-TC7200-U,admin,admin
672,国外路由器-Technicolor-TC7200,admin,admin
673,国外路由器-Technicolor-DPC3939,admin,password
674,国外路由器-Technicolor-7300b,unknown,unknown
675,国外路由器-Technicolor-7230s,blank,admin
676,国外路由器-Techmade-TM-ART25GSU,admin,admin
677,国外路由器-Tactio-Altera-04G,admin,admin
678,国外路由器-Tactio-ALTERA-04,admin,epicrouter
679,国外路由器-TP-Link-TouchP5,admin,admin
680,国外路由器-TP-Link-TL-WR941ND,admin,admin
681,国外路由器-TP-Link-TL-WR940N,admin,admin
682,国外路由器-TP-Link-TL-WR842ND,admin,admin
683,国外路由器-TP-Link-TL-WR842N,admin,admin
684,国外路由器-TP-Link-TL-WR841ND,admin,admin
685,国外路由器-TP-Link-TL-WR841N,admin,admin
686,国外路由器-TP-Link-TL-WR810N,admin,admin
687,国外路由器-TP-Link-TL-WR802N,admin,admin
688,国外路由器-TP-Link-TL-WR743ND,admin,admin
689,国外路由器-TP-Link-TL-WR741ND,admin,admin
690,国外路由器-TP-Link-TL-WR741N,admin,admin
691,国外路由器-TP-Link-TL-WR740ND,admin,admin
692,国外路由器-TP-Link-TL-WR740N,admin,admin
693,国外路由器-TP-Link-TL-WR720N,admin,admin
694,国外路由器-TP-Link-TL-WR642G,admin,admin
695,国外路由器-TP-Link-TL-WR641G,admin,admin
696,国外路由器-TP-Link-TL-WR542G,admin,admin
697,国外路由器-TP-Link-TL-WR541G,admin,admin
698,国外路由器-TP-Link-TL-WR340GD,admin,admin
699,国外路由器-TP-Link-TL-WR340G,admin,admin
700,国外路由器-TP-Link-TL-WR2543ND,admin,admin
701,国外路由器-TP-Link-TL-WR1043ND,admin,admin
702,国外路由器-TP-Link-TL-WR1043ND,root,admin
703,国外路由器-TP-Link-TL-WR1043N,admin,admin
704,国外路由器-TP-Link-TL-WDR4300,admin,admin
705,国外路由器-TP-Link-TL-WA7210N,admin,admin
706,国外路由器-TP-Link-TL-R600VPN,admin,admin
707,国外路由器-TP-Link-TL-R470TPlus,admin,admin
708,国外路由器-TP-Link-TL-R460,admin,admin
709,国外路由器-TP-Link-TL-R402M,admin,admin
710,国外路由器-TP-Link-TL-MR3420,admin,admin
711,国外路由器-TP-Link-TL-MR3240,admin,admin
712,国外路由器-TP-Link-TL-MR3220,admin,admin
713,国外路由器-TP-Link-TL-ER5120,admin,admin
714,国外路由器-TP-Link-TD-W9810G,admin,admin
715,国外路由器-TP-Link-TD-W8980,admin,admin
716,国外路由器-TP-Link-TD-W8970,admin,admin
717,国外路由器-TP-Link-TD-W8961NT,admin,admin
718,国外路由器-TP-Link-TD-W8961N,admin,admin
719,国外路由器-TP-Link-TD-W8960NB,admin,admin
720,国外路由器-TP-Link-TD-W8960N,admin,admin
721,国外路由器-TP-Link-TD-W8951ND,admin,admin
722,国外路由器-TP-Link-TD-W8950ND,admin,admin
723,国外路由器-TP-Link-TD-W8920G,admin,admin
724,国外路由器-TP-Link-TD-W8910G,admin,admin
725,国外路由器-TP-Link-TD-W890iG,admin,admin
726,国外路由器-TP-Link-TD-W8901N,admin,admin
727,国外路由器-TP-Link-TD-W8901G,admin,admin
728,国外路由器-TP-Link-TD-W8151N,admin,admin
729,国外路由器-TP-Link-TD-8961ND,admin,admin
730,国外路由器-TP-Link-TD-8840,admin,admin
731,国外路由器-TP-Link-TD-8817,admin,admin
732,国外路由器-TP-Link-TD-8816,admin,admin
733,国外路由器-TP-Link-TD-8810,admin,admin
734,国外路由器-TP-Link-TD-8616,admin,admin
735,国外路由器-TP-Link-TD-854W,admin,ttnet
736,国外路由器-TP-Link-TalonAD7200,admin,admin
737,国外路由器-TP-Link-ArcherD5,admin,admin
738,国外路由器-TP-Link-ArcherC9,admin,admin
739,国外路由器-TP-Link-ArcherC8,admin,admin
740,国外路由器-TP-Link-ArcherC7v2,admin,admin
741,国外路由器-TP-Link-ArcherC7,admin,admin
742,国外路由器-TP-Link-ArcherC59,admin,admin
743,国外路由器-TP-Link-ArcherC5400,admin,admin
744,国外路由器-TP-Link-ArcherC50,admin,admin
745,国外路由器-TP-Link-ArcherC3150,admin,admin
746,国外路由器-TP-Link-ArcherC2600,admin,admin
747,国外路由器-TP-Link-ArcherC2,admin,admin
748,国外路由器-TP-Link-ArcherC1900,admin,admin
749,国外路由器-TP-Link-ArcherC1200,admin,admin
750,国外路由器-TP-Link-AC1750,admin,admin
751,国外路由器-TOT-X8824M,admin,tot
752,国外路由器-TOT-DB120,admin,tot
753,国外路由器-TDS-GT784WN,unknown,unknown
754,国外路由器-T-Com-SpeedportW502V,unknown,unknown
755,国外路由器-T-Com-SpeedportW303V,unknown,unknown
756,国外路由器-Synology-RT2600ac,admin,blank
757,国外路由器-Synology-RT1900ac,created during initial setup,created during initial setup
758,国外路由器-Symbol-WS-2000,admin,symbol
759,国外路由器-Symantec-200R,admin,password
760,国外路由器-Sweex-WirelessAnnexB,admin,epicrouter
761,国外路由器-Sweex-WirelessAnnexA,admin,epicrouter
762,国外路由器-Sweex-RO003,sweex,mysweex
763,国外路由器-Sweex-RO002,sweex,mysweex
764,国外路由器-Sweex-RO001,admin,admin
765,国外路由器-Sweex-MO251,sweex,mysweex
766,国外路由器-Sweex-MO200UK,sweex,mysweex
767,国外路由器-Sweex-LW150,sweex,mysweex
768,国外路由器-Sweex-LW055,sweex,mysweex
769,国外路由器-Sweex-LW050,sweex,mysweex
770,国外路由器-Sweex-LC000070,admin,admin
771,国外路由器-Sweex-LB000021,admin,1234
772,国外路由器-Sweex-LB000010,admin,1234
773,国外路由器-Sweex-CC400020,admin,epicrouter
774,国外路由器-Sweex-CC300011,admin,epicrouter
775,国外路由器-Sweex-AnnexB,admin,epicrouter
776,国外路由器-Sweex-AnnexA,admin,epicrouter
777,国外路由器-Surecom-NE-4904SX,admin,admin
778,国外路由器-Surecom-EP-9610SX-GP,admin,admin
779,国外路由器-Surecom-EP-9610SX-g,admin,blank
780,国外路由器-Surecom-EP-9510AX,blank,admin
781,国外路由器-Surecom-EP-9410SX-g,Admin,Admin
782,国外路由器-Surecom-EP-4704SX-A,admin,epicrouter
783,国外路由器-Surecom-EP-4704SX,surecom,surecom
784,国外路由器-Surecom-AWR51A,admin,epicrouter
785,国外路由器-Sterlite-SAM300AX,admin,admin
786,国外路由器-Steren-COM815,admin,admin
787,国外路由器-Starbridge-Pyxis210,admin,blank
788,国外路由器-Starbridge-LYNX320,admin,admin
789,国外路由器-Starbridge-L-525,unknown,unknown
790,国外路由器-Starbridge-L-326,admin,admin
791,国外路由器-Starbridge-L-220,unknown,unknown
792,国外路由器-StarTech-BR4100DC,admin,1234
793,国外路由器-StarTech-BR4100DC,none,none
794,国外路由器-Sphirewall-OpenEdgewize,admin,admin
795,国外路由器-Sphairon-TurbolinkAR860C1A,Admin,Admin
796,国外路由器-Speedcom-ART514CX,admin,conexant
797,国外路由器-Speedcom-ART18CX,admin,epicrouter
798,国外路由器-SpeedUp-SU-8800MBR,none,admin
799,国外路由器-Sparkcom-R04AC,admin,epicrouter
800,国外路由器-Sparkcom-BR41,blank,blank
801,国外路由器-SparkLAN-WX-6615M,blank,blank
802,国外路由器-SorensonVRS-SR-200,admin,blank
803,国外路由器-Soniq-CWR150NS,admin,admin
804,国外路由器-Sonicwall-TZ-170,admin,password
805,国外路由器-Sonicwall-SOHO3,admin,password
806,国外路由器-Sonicwall-Pro230,unknown,unknown
807,国外路由器-Solwise-SAR715,admin,admin
808,国外路由器-Solwise-SAR130,DSL,DSL
809,国外路由器-Solwise-SAR-600EW,admin,admin
810,国外路由器-Solwise-AR110,DSL,DSL
811,国外路由器-SohoSpeed-ATU-R140,Admin,Admin
812,国外路由器-Soho-TEI6608,admin,admin
813,国外路由器-Soho-TEI402M,unknown,unknown
814,国外路由器-Soho-TEI402M,admin,admin
815,国外路由器-Soho-1A400+,admin,0
816,国外路由器-Soho-18-OB-WR85-FHEU,admin,1234
817,国外路由器-SmoothWall-Express3.0,admin,unknown
818,国外路由器-SmartRG-SR350NClearAccess,admin,admin
819,国外路由器-Sitel-DB120WL,admin,1234
820,国外路由器-Sitecom-X4N300,admin,admin
821,国外路由器-Sitecom-WLR-5000,admin,printed on bottom of router
822,国外路由器-Sitecom-WLR-4100,admin,admin
823,国外路由器-Sitecom-WLR-4001,admin,admin
824,国外路由器-Sitecom-WL527,admin,admin
825,国外路由器-Sitecom-WL-607,admin,admin
826,国外路由器-Sitecom-WL-350,admin,admin
827,国外路由器-Sitecom-WL-348,admin,admin
828,国外路由器-Sitecom-WL-347,admin,admin
829,国外路由器-Sitecom-WL-342,admin,admin
830,国外路由器-Sitecom-WL-322,unknown,unknown
831,国外路由器-Sitecom-WL-312,admin,admin
832,国外路由器-Sitecom-WL-309,admin,admin
833,国外路由器-Sitecom-WL-308,admin,admin
834,国外路由器-Sitecom-WL-306,admin,admin
835,国外路由器-Sitecom-WL-304,admin,admin
836,国外路由器-Sitecom-WL-303,admin,admin
837,国外路由器-Sitecom-WL-183,admin,admin
838,国外路由器-Sitecom-WL-176,admin,admin
839,国外路由器-Sitecom-WL-174,admin,admin
840,国外路由器-Sitecom-WL-173,admin,admin
841,国外路由器-Sitecom-WL-160,admin,admin
842,国外路由器-Sitecom-WL-153-NL,admin,admin
843,国外路由器-Sitecom-WL-153,admin,admin
844,国外路由器-Sitecom-WL-143,admin,admin
845,国外路由器-Sitecom-WL-127,admin,admin
846,国外路由器-Sitecom-WL-122,blank,sitecom
847,国外路由器-Sitecom-WL-118,admim,admin
848,国外路由器-Sitecom-WL-114,admin,admin
849,国外路由器-Sitecom-WL-109,admin,password
850,国外路由器-Sitecom-WL-108,admin,password
851,国外路由器-Sitecom-WL-106,blank,blank
852,国外路由器-Sitecom-WL-026,blank,admin
853,国外路由器-Sitecom-WL-025,blank,blank
854,国外路由器-Sitecom-WL-018,admin,admin
855,国外路由器-Sitecom-WL-017,blank,blank
856,国外路由器-Sitecom-Greyhound,none,printed on bottom of router
857,国外路由器-Sitecom-DC-227,admin,admin
858,国外路由器-Sitecom-DC-224,admin,admin
859,国外路由器-Sitecom-DC-216,admin,password
860,国外路由器-Sitecom-DC-215,admin,password
861,国外路由器-Sitecom-DC-214,admin,admin
862,国外路由器-Sitecom-DC-214,admin,password
863,国外路由器-Sitecom-DC-213,admin,admin
864,国外路由器-Sitecom-DC-213,admin,password
865,国外路由器-Sitecom-DC-207,admin,admin
866,国外路由器-Sitecom-DC-203,blank,blank
867,国外路由器-Sitecom-DC-202,admin,admin
868,国外路由器-Sitecom-DC-202,blank,blank
869,国外路由器-Sitecom-DC-201,blank,blank
870,国外路由器-Sitecom-DC-200,blank,blank
871,国外路由器-Sitecom-300N-XR,admin,admin
872,国外路由器-Sitecom-300NX4,admin,admin
873,国外路由器-SimpleMobility-SM-36WR,unknown,unknown
874,国外路由器-SierraWireless-SWAC802,none,admin
875,国外路由器-SierraWireless-OverdrivePro,none,admin
876,国外路由器-SierraWireless-MC7710,admin,blank
877,国外路由器-SierraWireless-AirCard802S,none,admin
878,国外路由器-SierraWireless-AC763SRogers,none,swiadmin
879,国外路由器-Siemens-SpeedStreamSS2602,none,admin
880,国外路由器-Siemens-Speedstream6520,admin,admin
881,国外路由器-Siemens-SpeedStream6300,admin,admin
882,国外路由器-Siemens-Speedstream5450,admin,admin
883,国外路由器-Siemens-SpeedStream4300,admin,admin
884,国外路由器-Siemens-SL2-141,admin,admin
885,国外路由器-Siemens-SE260,user,user
886,国外路由器-Siemens-GigasetSX763,blank,blank
887,国外路由器-Siemens-GigasetSX552,unknown,unknown
888,国外路由器-Siemens-GigasetSX551,blank,blank
889,国外路由器-Siemens-GigasetSX541,blank,blank
890,国外路由器-Siemens-GigasetSE587,admin,admin
891,国外路由器-Siemens-GigasetSE572,none,admin
892,国外路由器-Siemens-GigasetSE567,admin,admin
893,国外路由器-Siemens-GigasetSE567,admin,telus
894,国外路由器-Siemens-GigasetSE565,admin,admin
895,国外路由器-Siemens-GigasetSE560,admin,admin
896,国外路由器-Siemens-GigasetSE555,blank,admin
897,国外路由器-Siemens-GigasetSE551,blank,blank
898,国外路由器-Siemens-gigasetse515,blank,blank
899,国外路由器-Siemens-GigasetSE505,blank,blank
900,国外路由器-Siemens-GigasetSE361,UNKNOWN,UNKNOWN
901,国外路由器-Siemens-GigasetSE105,blank,blank
902,国外路由器-Siemens-Gigaset204A,admin,admin
903,国外路由器-Siemens-Gigaset,blank,blank
904,国外路由器-Siemens-E-010-I,admin,admin
905,国外路由器-Siemens-CL-110,admin,admin
906,国外路由器-Siemens-C2110,admin,admin
907,国外路由器-Siemens-c-010-i,unknown,unknown
908,国外路由器-Siemens-4100,admin,admin
909,国外路由器-Shock-741A,admin,password
910,国外路由器-ShiroCorp-DSL805E,admin,admin
911,国外路由器-Seowonintech-SLC-120S07OG,admin,password
912,国外路由器-Securifi-Almond,admin,admin
913,国外路由器-ScientificAtlanta-WebSTAREPC2434,unknown,unknown
914,国外路由器-ScientificAtlanta-WebSTARDPR2320,admin,admin
915,国外路由器-ScientificAtlanta-DPC3941T,admin,password
916,国外路由器-Schmid-ZI.620.V400,root,root
917,国外路由器-Samsung-SMT-G7400,admin,admin
918,国外路由器-Samsung-SMT-67400-XEN,admin,admin
919,国外路由器-Samsung-SCH-LC11,admin,admin
920,国外路由器-Sagemcom-OrangeLivebox3,unknown,unknown
921,国外路由器-Sagemcom-Fast5355,unknown,unknown
922,国外路由器-Sagemcom-Fast5350GV,admin,gvt12345
923,国外路由器-Sagemcom-Fast3686V3ch,admin,0
924,国外路由器-Sagemcom-Fast3686,admin,admin
925,国外路由器-Sagemcom-Fast3304,menara,menara
926,国外路由器-Sagemcom-Fast3284,admin,admin
927,国外路由器-Sagemcom-3764,admin,admin
928,国外路由器-Sagem-LiveboxTPFast3202,admin,admin
929,国外路由器-Sagem-LiveboxFast3202,admin,admin
930,国外路由器-Sagem-Livebox7359,admin,admin
931,国外路由器-Sagem-Fast3464,admin,admin
932,国外路由器-Sagem-Fast3302,admin,admin
933,国外路由器-Sagem-FAST3001,blank,blank
934,国外路由器-Sagem-FAST2864,admin,admin
935,国外路由器-Sagem-Fast2504nSky,admin,sky
936,国外路由器-Sagem-Fast2504Sky,admin,sky
937,国外路由器-Sagem-Fast2504,admin,sky
938,国外路由器-Sagem-Fast2444,admin,admin
939,国外路由器-Sagem-Fast2404,admin,admin
940,国外路由器-Sagem-Fast2000,admin,admin
941,国外路由器-Sagem-Fast1704,admin,admin
942,国外路由器-Sagem-Fast1500WG,NONE,blank
943,国外路由器-Sagem-2804STC,unknown,unknown
944,国外路由器-Safecom-SWART2-54125,admin,admin
945,国外路由器-Safecom-SBRU-10100,admin,admin
946,国外路由器-Safecom-SART2-4115,Admin,Admin
947,国外路由器-Safecom-SART2-4112,admin,admin
948,国外路由器-Safecom-SAMR-4114,admin,epicrouter
949,国外路由器-Safecom-SAMR-4110,admin,epicrouter
950,国外路由器-Sabrent-NT-WRLRT,admin,admin
951,国外路由器-STLabs-IRP-4P-1,blank,blank
952,国外路由器-SMC-SMCWHSG44G,admin,smcadmin
953,国外路由器-SMC-SMCWGBR14-N,Admin,smcadmin
954,国外路由器-SMC-SMCWBR14T-G,UNKNOWN,UNKNOWN
955,国外路由器-SMC-SMCWBR14S-N4,admin,smcadmin
956,国外路由器-SMC-SMCWBR14S-N3,admin,smcadmin
957,国外路由器-SMC-SMCWBR14S-N2,blank,smcadmin
958,国外路由器-SMC-SMCWBR14-N,Admin,smcadmin
959,国外路由器-SMC-SMCWBR14-GM,none,smcadmin
960,国外路由器-SMC-SMCWBR14-G2,UNKNOWN,UNKNOWN
961,国外路由器-SMC-SMCWBR14-G2,unknown,unknown
962,国外路由器-SMC-SMCWBR14-G,NONE,blank
963,国外路由器-SMC-SMCG3G-CCR,cusadmin,highspeed
964,国外路由器-SMC-SMCD3GNV,admin,password
965,国外路由器-SMC-SMCD3GN2-RES,cusadmin,password
966,国外路由器-SMC-SMCD3GN,cusadmin,password
967,国外路由器-SMC-SMCD3G-CCR,cusadmin,highspeed
968,国外路由器-SMC-SMC8014WN,cusadmin,password
969,国外路由器-SMC-SMC8014WG-TWC,cusadmin,password
970,国外路由器-SMC-SMC8014WG-SI,unknown,unknown
971,国外路由器-SMC-SMC8014WG,cusadmin,password
972,国外路由器-SMC-SMC8014-CCR,admin,admin
973,国外路由器-SMC-SMC8014,none,smcadmin
974,国外路由器-SMC-SMC7904WBRAS-N2,admin,admin
975,国外路由器-SMC-SMC7904WBRA2,smcadmin,blank
976,国外路由器-SMC-SMC7904WBRA-N,smcadmin,blank
977,国外路由器-SMC-SMC7901BRA-A2,blank,smcadmin
978,国外路由器-SMC-SMC7804WBRB,NONE,smcadmin
979,国外路由器-SMC-SMC7401BRA,admin,barricade
980,国外路由器-SMC-SMC7401BRA,root,root
981,国外路由器-SMC-SMC7204BRA,smc,smcadmin
982,国外路由器-SMC-SMC7008BR,NONE,admin
983,国外路由器-SMC-SMC7008ABR,NONE,blank
984,国外路由器-SMC-SMC7004WFW,NONE,blank
985,国外路由器-SMC-SMC7004WBR,NONE,admin
986,国外路由器-SMC-SMC7004VBR,blank,smcadmin
987,国外路由器-SMC-SMC7004VBR,NONE,smcadmin
988,国外路由器-SMC-SMC7004FW,NONE,blank
989,国外路由器-SMC-SMC7004BR,NONE,admin
990,国外路由器-SMC-SMC7004AWBR,NONE,blank
991,国外路由器-SMC-SMC7004ABR,none,blank
992,国外路由器-SMC-SMC7004ABR,NONE,blank
993,国外路由器-SMC-SMC2804WBRP-G,none,smcadmin
994,国外路由器-SMC-SMC2804WBRP-G,NONE,smcadmin
995,国外路由器-SMC-SMC2804WBR,blank,smcadmin
996,国外路由器-SMC-SMC2804WBR,NONE,smcadmin
997,国外路由器-SMC-SMC2404WBR,NONE,blank
998,国外路由器-SMC-SMC1244TX,NONE,blank
999,国外路由器-SBS-BW5150,admin,admin
1000,国外路由器-Ruckus-2211-EXT,admin,password
